File name,Range x,Range y,Range z,Bit depth,Prop. empty sl. x,Prop. empty sl. y,Prop. empty sl. z,Ocup. voxels x (min),Ocup. voxels x (max),Ocup. voxels x (mean),Ocup. voxels x (median),Ocup. voxels y (min),Ocup. voxels y (max),Ocup. voxels y (mean),Ocup. voxels y (median),Ocup. voxels z (min),Ocup. voxels z (max),Ocup. voxels z (mean),Ocup. voxels z (median),Bottom hor. x (min),Bottom hor. x (max),Bottom hor. x (mean),Bottom hor. x (median),Bottom hor. y (min),Bottom hor. y (max),Bottom hor. y (mean),Bottom hor. y (median),Bottom hor. z (min),Bottom hor. z (max),Bottom hor. z (mean),Bottom hor. z (median),Bottom vert. x (min),Bottom vert. x (max),Bottom vert. x (mean),Bottom vert. x (median),Bottom vert. y (min),Bottom vert. y (max),Bottom vert. y (mean),Bottom vert. y (median),Bottom vert. z (min),Bottom vert. z (max),Bottom vert. z (mean),Bottom vert. z (median),Top  hor. x (min),Top  hor. x (max),Top  hor. x (mean),Top  hor. x (median),Top  hor. y (min),Top  hor. y (max),Top  hor. y (mean),Top  hor. y (median),Top  hor. z (min),Top  hor. z (max),Top  hor. z (mean),Top  hor. z (median),Top vert. x (min),Top vert. x (max),Top vert. x (mean),Top vert. x (median),Top vert. y (min),Top vert. y (max),Top vert. y (mean),Top vert. y (median),Top vert. z (min),Top vert. z (max),Top vert. z (mean),Top vert. z (median),Entropy x (min),Entropy x (max),Entropy x (mean),Entropy y (min),Entropy y (max),Entropy y (mean),Entropy z (min),Entropy z (max),Entropy z (mean),SR entropy x (min),SR entropy x (max),SR entropy x (mean),SR entropy y (min),SR entropy y (max),SR entropy y (mean),SR entropy z (min),SR entropy z (max),SR entropy z (mean)
file00,94073,18418,18619,17,0.9697578502030316,0.8566697431999566,0.8595059076262084,0,3,0.030922465293279758,0.0,0,4,0.15793474129974483,0.0,0,4,0.1562298603651987,0.0,0.0,18418.0,9720.074516695959,9751.0,0.0,18619.0,9537.059753954305,9665.0,0.0,18418.0,9830.35711775044,9856.0,0.0,18619.0,9630.833040421792,9766.0,0.0,94073.0,32904.7981060606,30850.0,0.0,18619.0,9356.9375,9470.5,0.0,94073.0,34977.7125,33576.5,19.0,18619.0,9786.80606060606,9975.0,0.0,94073.0,32601.74388379205,30736.5,0.0,18418.0,9545.980886850153,9543.5,0.0,94073.0,35235.378058103975,33963.0,0.0,18418.0,10031.564220183487,10016.0,0.0,2.467727317097998e-07,2.682497972812106e-09,0.0,6.884624958044603e-08,2.881503095094794e-09,0.0,6.95613974856516e-08,2.8785251429634257e-09,0.0,0.00042889177494835677,1.1966918071899061e-08,0.0,0.0170254317749647,1.3084187670452149e-06,0.0,0.00033294750882057584,8.614287583370649e-08
file01.ply,96011,16432,16519,17,0.9796900387451568,0.8912554007180673,0.8918280871670702,0,57,0.021851435237262008,0.0,0,4,0.12766993245299094,0.0,0,5,0.12699757869249395,0.0,0.0,16432.0,7837.196410256411,7776.0,0.0,16519.0,7983.557948717948,7874.0,0.0,16432.0,7928.628205128205,7921.5,0.0,16519.0,8070.912820512821,7950.5,0.0,96011.0,37644.65025181869,38869.0,0.0,16519.0,7898.862898712927,7613.0,0.0,96011.0,42103.77783995523,42867.0,0.0,16519.0,8153.273642977057,8306.0,0.0,96011.0,37524.680470061554,39043.0,0.0,16432.0,7745.028539451595,7401.0,0.0,96011.0,42259.02518186905,42804.0,0.0,16432.0,8018.676552881925,8253.0,0.0,4.960653327870303e-06,2.3469846974839146e-09,0.0,7.567039438433494e-08,2.5506145378821034e-09,0.0,9.404441926921636e-08,2.550152504218422e-09,0.0,0.0007714836881049696,2.9641019846083033e-08,0.0,0.017494232951246486,6.8272463996527896e-06,0.0,0.04159394911809519,1.0907060517154345e-05
file02.ply,97487,7013,6963,17,0.9746122599704579,0.7164242942686057,0.7179781734635267,0,7,0.02586985064828492,0.0,0,5,0.35956658112346734,0.0,0,8,0.36214819069500287,0.0,0.0,7013.0,3458.5967676767677,3402.0,0.0,6963.0,3459.1256565656568,3426.0,0.0,7013.0,3496.586262626263,3489.0,0.0,6963.0,3488.3264646464645,3468.0,0.0,97487.0,38135.638511814985,35500.0,0.0,6963.0,3278.8225238813475,2940.0,0.0,97487.0,45271.789341377575,45853.0,0.0,6963.0,3679.446958270488,4019.0,0.0,97487.0,37894.6451120163,34572.0,0.0,7013.0,3280.1216904276985,2921.5,0.0,97487.0,45318.947046843175,46347.0,0.0,7013.0,3685.428716904277,3974.0,0.0,3.4647910122175874e-06,1.4268630610187437e-08,0.0,2.095973989020228e-07,1.6060641125812145e-08,0.0,3.25152767923486e-07,1.6051325398510328e-08,0.0,0.0002629937669508972,1.2232968022056368e-08,0.0,0.04036975757828752,2.7917297570776333e-05,0.0,0.04036975757828752,2.9293611793345987e-05
file03.ply,95357,19009,19205,17,0.9792361416976028,0.920462914255655,0.9169009684473602,0,12,0.02119381698441662,0.0,0,161,0.10631246712256708,0.0,0,85,0.1052275330625846,0.0,0.0,19009.0,9119.298484848485,9098.0,0.0,19205.0,9545.007575757576,9602.0,0.0,19009.0,9150.682323232324,9098.0,0.0,19205.0,9585.015151515152,9602.0,0.0,95357.0,40866.56746031746,40375.5,0.0,19205.0,9401.498677248677,9387.5,0.0,95357.0,47047.41997354497,50604.5,0.0,19205.0,9715.839947089948,9792.5,0.0,95357.0,44186.81015037594,45130.0,0.0,11773.0,8994.684837092731,9098.0,0.0,95357.0,50120.71365914787,55877.5,6670.0,19009.0,9275.044486215538,9301.5,0.0,8.644547688677846e-07,1.731900307722477e-09,0.0,2.18735408637732e-06,1.8137199693765836e-09,0.0,1.2092372177096247e-06,1.8324342347524484e-09,0.0,0.015619332079736056,1.752166191166348e-07,0.0,0.034756744346676846,9.555978117131764e-06,0.0,0.034756744346676846,9.093945379496064e-06
file04.ply,96879,13941,14539,17,0.9793146160198183,0.8606369244010902,0.8658872077028886,0,41,0.022987200660611065,0.0,0,4,0.1597331803184622,0.0,0,5,0.1531636863823934,0.0,0.0,13941.0,6698.910678642715,6647.0,0.0,14539.0,7169.523453093812,7167.0,0.0,13941.0,6796.330838323353,6805.0,0.0,14539.0,7280.483532934131,7372.0,0.0,96879.0,35108.07462686567,34727.0,0.0,14193.0,7038.2671127123,6960.0,0.0,96879.0,38437.258363355635,38361.0,0.0,14539.0,7387.717961914565,7566.0,0.0,96879.0,35503.44564102564,35122.5,0.0,13941.0,6585.481025641026,6425.0,16.0,96879.0,38910.93641025641,38917.5,0.0,13941.0,6877.399487179488,7024.0,0.0,4.789350982346596e-06,3.2421350704455735e-09,0.0,8.47184449307272e-08,3.5797397810227775e-09,0.0,1.0902423624502013e-07,3.573400216644922e-09,0.0,0.0007584912958531224,2.2162747114445338e-08,0.0,0.015268335925883824,7.20625951344258e-06,0.0,0.006217797711210602,6.279222155952712e-06
file05.ply,98365,8840,8830,17,0.9813045157879755,0.829317950458093,0.8265202128864229,0,5,0.01908179655572047,0.0,0,44,0.21230630019228594,0.0,0,7,0.21254671045181747,0.0,0.0,8840.0,4222.187058183796,4102.0,0.0,8830.0,4344.012506797172,4341.0,0.0,8840.0,4259.8297988036975,4156.0,0.0,8830.0,4387.253942359978,4402.0,0.0,98228.0,39467.97084161697,39162.0,0.0,8830.0,4243.027833001988,3965.0,0.0,98365.0,45038.82107355865,46356.0,0.0,8830.0,4490.29688535454,4811.0,0.0,98228.0,38867.59595300261,37721.0,0.0,8840.0,4110.3648825065275,3648.5,0.0,98365.0,44586.02023498694,45966.0,0.0,8840.0,4395.592689295039,4581.5,0.0,1.6227450344259394e-06,6.75000197070712e-09,0.0,1.3006200979699148e-06,7.486264098879534e-09,0.0,2.280429766187036e-07,7.510774977588654e-09,0.0,0.0005897363075857677,2.1633173674800002e-08,0.0,0.03327031774155792,2.5526605015584574e-05,0.0,0.026284638501825438,2.1203538122654113e-05
file06.ply,96190,15165,14525,17,0.9765778503186369,0.866411710404853,0.8622470053696819,0,38,0.025075110977118443,0.0,0,49,0.15903995780034288,0.0,0,48,0.16604708798017348,0.0,0.0,15165.0,7944.247225920994,7922.0,0.0,14525.0,7193.358632933866,7146.0,0.0,15165.0,7983.354194407457,7978.0,0.0,14525.0,7226.242343541944,7177.0,0.0,96190.0,35994.29368213228,33948.0,0.0,14525.0,7032.030602171767,6871.0,0.0,96190.0,39611.64215202369,39614.5,635.0,14525.0,7391.554787759132,7401.0,0.0,96190.0,34921.176411794106,32603.0,0.0,15165.0,7781.809095452274,7476.0,0.0,96190.0,39288.00449775113,39077.0,0.0,15165.0,8192.209395302349,8429.0,0.0,4.12420355432685e-06,3.2833472273454357e-09,0.0,9.19070107407579e-07,3.5674669488045562e-09,0.0,8.653460991271327e-07,3.57646715307081e-09,0.0,0.00045486129906319823,1.0193368038229592e-08,0.0,0.015619332079736056,6.404591498332433e-06,0.0,0.007353786421473027,3.7501624942835805e-06
file07.ply,97745,14580,11016,17,0.977891678431854,0.859543241204307,0.81492239266588,0,74,0.024512512020952264,0.0,0,61,0.16432343460667992,0.0,0,62,0.21748207315966234,0.0,0.0,14580.0,7311.376214715409,7372.0,0.0,11016.0,5492.563627950023,5520.0,0.0,14580.0,7429.963905599259,7571.0,0.0,11016.0,5605.21517815826,5681.0,0.0,97745.0,33162.4306640625,28554.5,0.0,11016.0,5375.2236328125,5169.5,0.0,97745.0,35830.4345703125,33707.5,0.0,11016.0,5716.61962890625,6156.0,0.0,97745.0,32864.97106424718,28429.0,0.0,14580.0,7123.946051986268,6771.0,0.0,97745.0,35946.86758214811,33755.0,0.0,14580.0,7558.111819519372,8019.0,0.0,1.0361402440099508e-05,4.30372572151774e-09,0.0,1.4453820724599306e-06,4.7231185229737976e-09,0.0,1.1265635461387735e-06,4.783834647117407e-09,0.0,0.0007605998738671689,1.4036603210197916e-08,0.0,0.01971451129389136,8.963830087930591e-06,0.0,0.01971451129389136,1.128458381892361e-05
file08.ply,91768,25135,25276,17,0.9747845132888012,0.9143857415658816,0.9137160264271867,0,2,0.025836611491898136,0.0,0,10,0.09432686187141948,0.0,0,11,0.09380068837282905,0.0,0.0,25135.0,12494.882886776146,12411.0,0.0,25276.0,12543.421348314607,12397.5,0.0,25135.0,12657.66032843561,12638.5,0.0,25276.0,12680.671996542784,12641.0,0.0,91768.0,30531.48884758364,21789.5,0.0,25276.0,12407.223513011153,12031.5,0.0,91768.0,32627.273234200744,23975.5,0.0,25276.0,12769.123605947956,12898.5,0.0,91768.0,31054.408528198073,22273.0,0.0,25135.0,12399.402109124256,12148.0,0.0,91768.0,32672.58413571756,24099.0,0.0,25135.0,12748.995414947272,12957.0,0.0,9.344489827344855e-08,1.245858936730418e-09,0.0,1.2601938514722635e-07,1.3155458780023728e-09,0.0,1.387047197579976e-07,1.3161323556704763e-09,0.0,0.00024426581941974464,9.438908745815599e-09,0.0,0.012861989524097518,3.154325501891272e-06,0.0,0.009676310853196882,1.0017339213645278e-06
file09.ply,93432,13375,27088,17,0.9742489270386266,0.8446471291866029,0.9197091070176087,0,14,0.026564490062397653,0.0,0,61,0.18555622009569378,0.0,0,38,0.09162390638266454,0.0,0.0,13375.0,6619.249792186201,6747.0,0.0,27088.0,13090.491271820449,12938.0,0.0,13375.0,6686.313383208645,6800.5,0.0,27088.0,13182.406483790524,13053.5,0.0,93432.0,40834.013474494706,38833.0,0.0,25281.0,12569.424446583253,12437.0,0.0,93432.0,43095.27333974976,40641.0,699.0,27088.0,13201.422521655439,13198.0,0.0,93172.0,41854.799540229884,39284.0,0.0,12287.0,6544.5310344827585,6723.0,2247.0,93432.0,43368.17885057471,40655.0,283.0,13375.0,6799.444597701149,6814.0,0.0,1.00720643753122e-06,2.183877987831682e-09,0.0,6.446804085398314e-07,2.3515241528132618e-09,0.0,8.031329696783136e-07,2.2876521466381154e-09,0.0,0.0004112885616609086,1.491294092591619e-08,0.0,0.006315798409609859,7.648408388804049e-07,0.0,0.0029254459509131833,3.113951247047841e-07
file10.ply,89999,11535,39889,17,0.9729222222222222,0.8359916782246879,0.9397342692404111,0,5,0.028044444444444445,0.0,0,13,0.21879334257975036,0.0,0,3,0.06327400350965154,0.0,0.0,11535.0,3401.1707016823966,3129.0,0.0,39889.0,19362.042265080017,19286.0,0.0,11535.0,3456.911776774723,3167.0,0.0,39889.0,19732.92490767337,19508.0,0.0,85641.0,27907.78488372093,22020.0,0.0,39889.0,18261.39799154334,18432.0,0.0,89999.0,33496.27378435518,30455.0,1121.0,39889.0,20886.025898520085,20383.5,0.0,89999.0,29682.31863560732,24763.0,0.0,11535.0,3401.1339434276206,3114.0,0.0,89999.0,30685.629783693843,26066.5,0.0,11535.0,3481.073211314476,3175.0,0.0,3.031303522741894e-07,1.837321250346172e-09,0.0,1.0676226801209569e-07,1.987721314903472e-09,0.0,8.61339151665207e-08,1.9073498785574614e-09,0.0,0.0004279475244115226,1.7854674525726965e-08,0.0,0.006467590338621533,1.5283888541601886e-06,0.0,0.0014362834296722297,1.0434322349246368e-07
file11.ply,96691,14430,14219,17,0.980815372523063,0.8801884831266025,0.8787623066104079,0,16,0.02013610226285525,0.0,0,4,0.1349178851084471,0.0,0,6,0.1369198312236287,0.0,0.0,14162.0,7305.453908355795,7316.0,0.0,14219.0,6898.750404312668,6826.0,0.0,14430.0,7354.950943396227,7391.0,0.0,14219.0,6957.014555256064,6907.0,0.0,96577.0,38426.66512434933,36043.0,0.0,14219.0,6821.707345286292,6568.0,0.0,96691.0,42236.162521688835,47294.0,0.0,14219.0,7015.226142278774,7125.0,0.0,96691.0,38619.49593967517,36352.0,0.0,14430.0,7234.0754060324825,7075.0,0.0,96691.0,42177.819605568446,47371.0,0.0,14430.0,7455.268561484919,7643.5,0.0,1.9535388378023216e-06,2.83565986481591e-09,0.0,8.669178036296001e-08,3.0973190178257864e-09,0.0,1.2571240927648467e-07,3.0986554931598292e-09,0.0,0.0031990132396158564,4.51501748437025e-08,0.0,0.00651282229739993,3.2190912909610675e-06,0.0,0.00651282229739993,2.858302597282669e-06
file12.ply,97366,15734,15781,17,0.9759158647180256,0.8666666666666667,0.8632619439868204,0,34,0.02469009007158483,0.0,0,11,0.15278042580235143,0.0,0,5,0.15232543403877835,0.0,0.0,15734.0,7984.2968017057565,8095.0,0.0,15781.0,7941.690831556503,7990.0,0.0,15734.0,8050.910021321962,8202.0,0.0,15781.0,8011.770149253732,8143.0,0.0,97366.0,39158.95519542421,30869.0,0.0,15778.0,7685.15347950429,7216.0,0.0,97366.0,43438.5819828408,37125.0,11.0,15781.0,8289.621067683509,8925.5,0.0,97366.0,39563.18721037998,31264.0,0.0,15734.0,7811.0560704355885,7583.0,0.0,97366.0,42911.50046339203,36035.5,0.0,15734.0,8201.484244670992,8711.0,0.0,3.3192117031518507e-06,2.9068567783140704e-09,0.0,2.0401863115243105e-07,3.1500231483112335e-09,0.0,9.671100764645706e-08,3.1556358172344842e-09,0.0,0.0005799191151283163,1.2381298584463812e-08,0.0,0.03724440188016404,5.114486459454e-06,0.0,0.03724440188016404,5.646167838597839e-06
file13.ply,96484,17065,17065,17,0.9779033010312483,0.8912457517871792,0.8924762686042423,0,18,0.022718557288697726,0.0,0,48,0.12844251728583148,0.0,0,46,0.12844251728583148,0.0,0.0,17065.0,8489.348030018762,8415.5,0.0,17065.0,8452.916041275797,8337.0,0.0,17065.0,8556.282363977485,8523.0,0.0,17065.0,8527.423076923076,8477.5,0.0,96484.0,39952.92403017241,37599.5,0.0,17065.0,8319.054418103447,8289.5,0.0,96484.0,43635.385237068964,43945.5,0.0,17065.0,8637.083512931034,8770.0,0.0,96484.0,39907.35694822888,37550.0,0.0,17065.0,8350.37166212534,8294.0,0.0,96484.0,44107.63651226158,44270.0,0.0,17065.0,8683.07901907357,8770.0,0.0,1.5692037207589717e-06,2.2993273747739685e-09,0.0,7.717539966688856e-07,2.4641563285889464e-09,0.0,7.41312873885689e-07,2.4625574919486084e-09,0.0,0.00010177800915002411,3.2050159416332324e-09,0.0,0.016898001331599348,6.77318364340304e-06,0.0,0.016898001331599348,9.567604265983283e-06
file14.ply,97905,14069,14134,17,0.9772945478315935,0.8661691542288558,0.864591439688716,0,10,0.023246787735174555,0.0,0,52,0.1617626154939588,0.0,0,61,0.1610187477891758,0.0,0.0,14050.0,6928.670265407108,6739.0,0.0,14134.0,7109.401709401709,7103.0,0.0,14069.0,7014.2775528565,6910.0,0.0,14134.0,7182.1529464687355,7250.0,0.0,97905.0,37847.02920870951,34374.0,0.0,14134.0,6989.173127987255,6431.0,0.0,97905.0,42008.92087095061,36898.0,0.0,14134.0,7321.24907063197,7833.0,0.0,97905.0,37566.47439916406,34186.5,0.0,14069.0,6812.39289446186,6039.0,0.0,97905.0,41952.90386624869,36929.0,0.0,14069.0,7134.309822361546,7752.0,0.0,1.291641035868751e-06,3.384380883970086e-09,0.0,9.810194912675477e-07,3.6551882301296943e-09,0.0,1.1456353208506596e-06,3.6550749054939585e-09,0.0,0.00018542837542714677,7.033482058624305e-09,0.0,0.024892248225435506,6.186852165193239e-06,0.0,0.024892248225435506,7.20685444976751e-06
file15.ply,97056,16629,16650,17,0.9756740884222673,0.8678893565844858,0.8678157468019939,0,23,0.025222292055184066,0.0,0,6,0.14720384846662657,0.0,0,5,0.14701819710527897,0.0,0.0,16629.0,8264.803473104617,8178.0,0.0,16650.0,8358.806437950021,8379.0,0.0,16629.0,8432.037272342228,8474.0,0.0,16650.0,8455.723845828039,8572.0,0.0,97056.0,38349.28493400091,28096.0,0.0,16650.0,8229.084205735093,7950.0,0.0,97056.0,41792.92535275376,34696.0,0.0,16650.0,8634.509330905781,9038.0,0.0,97056.0,38572.41662880509,28226.0,0.0,16629.0,8122.160835983644,7718.0,0.0,97056.0,41883.16901408451,35111.0,0.0,16629.0,8573.428441617447,8957.0,0.0,2.0735220264793633e-06,2.6765530977416364e-09,0.0,1.0932864056397307e-07,2.8979172511908152e-09,0.0,9.203143189664752e-08,2.898346748592409e-09,0.0,0.0001407624862075636,7.948193080413665e-09,0.0,0.012446046033186865,3.686355496634869e-06,0.0,0.012446046033186865,3.1968013340926578e-06
file16.ply,93375,24844,24864,17,0.9813763708019191,0.938418192795331,0.9391112004826061,0,10,0.01939470527758739,0.0,0,8,0.07289192996578789,0.0,0,29,0.07283329981902273,0.0,0.0,24844.0,12335.62564692352,12410.0,0.0,24864.0,12365.767682576194,12422.0,0.0,24844.0,12461.170787809086,12432.0,0.0,24864.0,12462.10120759057,12432.0,0.0,93375.0,29848.24836601307,12410.5,0.0,24864.0,12108.67320261438,12352.0,0.0,93375.0,34711.43660130719,22234.0,92.0,24864.0,12770.541176470588,12507.5,0.0,93375.0,29411.121532364596,12307.5,0.0,24844.0,12105.319022457068,12354.0,0.0,93375.0,34344.61690885072,21455.5,390.0,24844.0,12678.72787318362,12487.5,0.0,4.4228795105384144e-07,9.58714236869349e-10,0.0,1.0183602843434057e-07,1.0113555965681022e-09,0.0,3.462127621101913e-07,1.0095412882971844e-09,0.0,0.0001659567052848369,1.3175670723838129e-08,0.0,0.009929041156955257,3.389814912843933e-06,0.0,0.012616348783598193,3.611365354668424e-06
file17.ply,93320,24802,24591,17,0.9749038265770834,0.9153328226424223,0.9147283669486012,0,52,0.02630704771701975,0.0,0,82,0.0989799621013587,0.0,0,78,0.09982921275211451,0.0,0.0,24802.0,12419.240819812127,12441.0,0.0,24591.0,12230.725448334757,12270.0,0.0,24802.0,12528.418445772844,12441.0,0.0,24591.0,12354.89197267293,12270.0,0.0,93320.0,39222.71952380952,36456.5,0.0,18077.0,12116.761904761905,12102.0,0.0,93320.0,42659.071904761906,42074.5,6344.0,24591.0,12461.611428571428,12542.0,0.0,93320.0,39254.39628040057,36425.0,0.0,18288.0,12295.112541726276,12337.0,0.0,93320.0,42852.40867906533,42796.0,6556.0,24802.0,12677.481163567001,12780.0,0.0,2.1250275093799978e-06,1.3132152856137582e-09,0.0,9.354620256935196e-07,1.383804492670317e-09,0.0,8.851066140648047e-07,1.384790944019943e-09,0.0,0.0004938628351013486,1.4808901758419003e-08,0.0,0.009537918923786652,3.920227223026327e-06,0.0,0.009397050562890513,4.266425162213702e-06
file18.ply,98875,10129,10134,17,0.9808143533314454,0.8223099703849951,0.8239763196842624,0,16,0.02109713176099357,0.0,0,5,0.20592300098716684,0.0,0,4,0.20582141095214604,0.0,0.0,10129.0,5020.658408012651,5004.0,0.0,10134.0,5009.027938850817,5035.0,0.0,10129.0,5086.0374275171325,5074.0,0.0,10134.0,5078.796520822351,5107.0,0.0,98875.0,39595.60888888889,30752.0,0.0,10134.0,4919.466666666666,4831.0,0.0,98875.0,44195.317777777775,39129.5,0.0,10134.0,5159.0761111111115,5283.5,0.0,98789.0,38911.61434977579,29971.5,0.0,10129.0,4915.42432735426,4792.0,0.0,98875.0,44209.73094170404,38844.5,0.0,10129.0,5153.5739910313905,5162.5,0.0,3.7489703339356087e-06,5.6972115243951495e-09,0.0,1.4480051365348886e-07,6.38032525542142e-09,0.0,1.1718038240347193e-07,6.378662245532384e-09,0.0,0.00011037682919264056,8.171860781580397e-09,0.0,0.013274170700014215,7.2525976670106946e-06,0.0,0.01603921134389958,7.375819549820293e-06
file19.ply,95733,8921,24090,17,0.9779075354628449,0.7836807890607487,0.9175210659582417,0,47,0.02316836233730963,0.0,0,7,0.24859896884106703,0.0,0,7,0.09206757710348262,0.0,0.0,8921.0,4456.8529550827425,4457.0,0.0,24090.0,12262.830260047282,12251.0,0.0,8921.0,4504.47328605201,4492.0,0.0,24090.0,12317.208983451537,12318.0,0.0,95012.0,40545.11968911917,36920.5,0.0,22633.0,12033.841450777201,11917.0,0.0,95733.0,44743.26839378238,45064.0,0.0,24090.0,12539.208808290156,12703.0,0.0,95379.0,40541.419728233515,37099.0,0.0,8921.0,4333.389531957725,4323.0,0.0,95733.0,43961.466532460996,43724.0,0.0,8921.0,4622.644690488173,4648.0,0.0,5.153397780068477e-06,3.117030054829455e-09,0.0,9.025951740737689e-08,3.478544562578139e-09,0.0,2.3197243733476069e-07,3.3300559774170155e-09,0.0,7.17193437970086e-05,2.686707917271842e-09,0.0,0.00566159306485704,9.191635633444833e-07,0.0,0.00566159306485704,5.142249511640867e-07
file20.ply,57347,56593,56767,16,0.9538432029015833,0.9532105876948086,0.9532130777903044,0,4,0.048842156657599216,0.0,0,3,0.04949287910379192,0.0,0,3,0.04934117812852311,0.0,0.0,56593.0,28486.50434454099,28975.0,0.0,56767.0,28529.483944087646,28346.0,0.0,56593.0,28799.186626369476,29307.0,0.0,56767.0,28979.587457499056,29131.0,0.0,57347.0,25369.405966767372,23683.0,0.0,56767.0,28452.121223564955,28223.5,0.0,57347.0,26260.37311178248,24957.0,0.0,56767.0,28993.26246223565,29017.5,0.0,57297.0,25298.08019578313,23589.0,0.0,56593.0,28392.87048192771,28852.5,0.0,57347.0,26186.00753012048,24854.0,0.0,56593.0,28839.98795180723,29395.0,0.0,3.86261705939345e-08,5.003241507049674e-10,0.0,2.898879700119347e-08,5.006607266217008e-10,0.0,2.907383034160715e-08,5.00680242581906e-10,0.0,0.0007847723936671982,5.8124062899981915e-08,0.0,0.002347136430203665,9.52894614793676e-08,0.0,0.002804853444018379,1.2535881723060364e-07
file21.ply,98795,9369,9450,17,0.976213611887121,0.7907150480256137,0.7918738757803407,0,59,0.024636624964573466,0.0,0,90,0.2597652081109925,0.0,0,87,0.257538884774098,0.0,0.0,9369.0,4686.091489361702,4648.5,0.0,9450.0,4824.572765957447,4777.5,0.0,9369.0,4732.617021276596,4718.0,0.0,9450.0,4861.014893617022,4845.0,0.0,98795.0,44419.65935747068,42077.0,0.0,9450.0,4629.063233044365,3944.0,42.0,98795.0,49197.41662417134,49821.0,0.0,9450.0,5066.465578786334,5789.0,0.0,98795.0,44182.40010167768,41811.0,0.0,9369.0,4492.7391967463145,3796.0,0.0,98795.0,49098.79511947127,49489.0,0.0,9369.0,4872.341128622267,5580.0,0.0,1.463085429360108e-05,7.700367303820897e-09,0.0,2.3855447652811297e-06,8.49148173002571e-09,0.0,2.3293908330291195e-06,8.492907279080016e-09,0.0,0.000279511834870912,7.59310456495083e-09,0.0,0.012810775749965265,1.5366145974599604e-05,0.0,0.015004738487465762,1.7411109904000925e-05
file22.ply,91047,24396,29032,17,0.9734974958263773,0.9150715251875231,0.9209864636792615,0,3,0.026963799314647218,0.0,0,51,0.10062712628601878,0.0,0,3,0.08455895016016257,0.0,0.0,24396.0,12124.299212598426,12189.0,0.0,29032.0,16231.632407791132,16439.0,0.0,24396.0,12191.818068794033,12268.0,0.0,29032.0,16304.676336510567,16510.0,0.0,91047.0,32487.637548262548,35371.5,0.0,29032.0,15810.978281853282,15998.5,23.0,91047.0,36239.94594594595,40178.5,0.0,29032.0,16484.050193050192,16688.5,0.0,91047.0,34367.853095030514,38599.0,0.0,24396.0,12014.667829119442,11976.0,0.0,91047.0,35709.83565823888,39498.0,0.0,24396.0,12251.951612903225,12386.5,0.0,1.239170140536773e-07,1.1727789540895436e-09,0.0,5.222715331176386e-07,1.2290297851161132e-09,0.0,4.1741118391079024e-08,1.2317654226619297e-09,0.0,0.003121732696129999,5.340454863434232e-08,0.0,0.0007704046147023334,9.994270091816158e-08,0.0,0.0005866222714720786,7.887868027291278e-08
file23.ply,96706,23190,10359,17,0.9787916076395711,0.9163468586951835,0.8306949806949807,0,61,0.023576369859472427,0.0,0,11,0.09831400112112458,0.0,0,30,0.22007722007722008,0.0,0.0,23190.0,14547.486104339347,14722.0,0.0,10359.0,5188.636762554851,5235.0,0.0,23190.0,14641.673817649928,14838.0,26.0,10359.0,5252.735738664066,5350.0,0.0,96706.0,43582.61855670103,35289.0,0.0,10359.0,5095.977835051546,5080.5,0.0,96706.0,47732.84639175258,39164.0,0.0,10359.0,5358.439175257732,5510.0,0.0,96706.0,44122.65393386545,36329.0,0.0,23190.0,14461.16362599772,14437.5,0.0,96706.0,49951.7377423033,44337.0,0.0,23190.0,14960.168757126568,15190.5,0.0,5.928900365974961e-06,2.8332431776134443e-09,0.0,3.061397309783763e-07,3.042305999260961e-09,0.0,3.691713600778999e-07,3.1222874353517414e-09,0.0,0.0008096208712521027,3.661865948844371e-08,0.0,0.006747776467910663,1.76062495225607e-06,0.0,0.008172874861341727,3.9582891415491604e-06
file24.ply,96019,16740,16638,17,0.9753905436367424,0.9075324054715966,0.9067251637718613,0,8,0.025119766715267652,0.0,0,325,0.14407741473030286,0.0,0,174,0.14496063465352485,0.0,0.0,16740.0,8343.173931443082,8339.0,0.0,16638.0,8267.575116377486,8234.0,0.0,16740.0,8423.89420228523,8437.0,0.0,16638.0,8337.420228523064,8285.0,0.0,96019.0,36858.37919896641,32805.5,0.0,16638.0,8245.857235142119,8221.0,0.0,96019.0,39872.67441860465,35757.5,1153.0,16638.0,8392.267441860466,8345.0,0.0,96019.0,37010.35051546392,33157.0,0.0,16740.0,8291.494201030928,8298.0,0.0,96019.0,39990.64948453608,36170.5,0.0,16740.0,8421.794458762886,8448.0,0.0,7.60961878077286e-07,2.655898205573304e-09,0.0,4.815311522989698e-06,2.665349760204524e-09,0.0,2.6608570445557597e-06,2.686567586140385e-09,0.0,0.0062316006077364925,1.5686454233894778e-07,0.0,0.01943154130993664,6.632324258305028e-06,0.0,0.025402399186981752,6.63442122988385e-06
file25.ply,93203,23443,22832,17,0.9753336766662375,0.9105528066882784,0.9082906319800289,0,11,0.02525642676279988,0.0,0,33,0.10040948643576182,0.0,0,37,0.10309639556781851,0.0,0.0,23443.0,11630.242714223576,11597.0,0.0,22832.0,11526.140930839496,11446.0,0.0,23443.0,11735.043497172685,11742.0,0.0,22832.0,11623.826881252719,11649.0,0.0,93203.0,33305.11635670005,26579.0,0.0,22832.0,11382.653791130186,10836.0,0.0,93203.0,35858.09155937053,31166.0,0.0,22832.0,11746.990939437292,12068.0,0.0,93203.0,33486.41451766953,26656.5,0.0,23443.0,11471.617478510028,10912.0,0.0,93203.0,35876.7994269341,31439.5,0.0,23443.0,11840.733046800382,12069.5,0.0,5.544013561042595e-07,1.4335284074042118e-09,0.0,4.246517627634151e-07,1.5156263814224635e-09,0.0,4.6156605428589014e-07,1.5168365782976248e-09,0.0,0.0005323624145711167,9.421256440753757e-09,0.0,0.004255482097484259,8.864893436130388e-07,0.0,0.004711098336821881,1.2819501088913186e-06
file26.ply,95287,17413,17461,17,0.9758101754680547,0.8734925921672217,0.876646432252892,0,49,0.025470153639492905,0.0,0,4,0.1393706213391524,0.0,0,5,0.13898751574848242,0.0,0.0,17413.0,8773.609544468547,8753.0,0.0,17461.0,8780.011279826464,8732.0,0.0,17413.0,8845.16442516269,8830.0,0.0,17461.0,8851.69240780911,8843.0,0.0,95287.0,34141.48797094871,27981.0,0.0,17461.0,8665.749886518384,8375.0,0.0,95287.0,36851.833408987746,33851.0,0.0,17461.0,9011.197911938267,9275.0,0.0,95287.0,34047.75069637883,27162.5,0.0,17413.0,8604.777623026926,8277.5,0.0,95287.0,37036.14623955432,33879.5,0.0,17413.0,8984.781337047354,9245.0,0.0,3.868630935152404e-06,2.4614450151108094e-09,0.0,7.229830817986109e-08,2.6705866355769378e-09,0.0,8.96399776214488e-08,2.6663578208519692e-09,0.0,0.0002584914280840694,5.721506671359104e-09,0.0,0.008361586261119321,3.2948178640499938e-06,0.0,0.008586955006912643,4.614457543093236e-06
file27.ply,97597,13944,12855,17,0.9778991372774032,0.8755826461097167,0.8564094586185439,0,5,0.02257218385622656,0.0,0,104,0.15797776980996772,0.0,0,19,0.1713596764156814,0.0,0.0,13944.0,4870.700046360686,4737.0,0.0,12855.0,6369.74501622624,6367.0,0.0,13944.0,4931.9109874826145,4824.0,111.0,12855.0,6438.798331015299,6412.0,0.0,97597.0,47454.89510086455,44340.0,0.0,12855.0,6228.412103746397,6142.0,47.0,97597.0,51427.821325648416,52060.0,0.0,12855.0,6570.967723342939,6639.0,0.0,97597.0,47449.60238353196,45567.5,0.0,13944.0,4613.715059588299,4390.5,0.0,97597.0,51722.0698808234,52708.0,0.0,13944.0,5016.582881906826,5088.5,0.0,7.401505294768942e-07,3.628244989295604e-09,0.0,2.069438177099217e-06,3.882667918159476e-09,0.0,3.844213550106297e-07,3.952361527437746e-09,0.0,0.0011796743107390778,3.737541257542483e-08,0.0,0.010601224105785088,3.863674145302402e-06,0.0,0.023910725591333202,8.114642523943327e-06
file28.ply,90545,28610,28031,17,0.9743224438406998,0.9098947957079445,0.9072131849315068,0,63,0.030790979170808207,0.0,0,10,0.0974450386215092,0.0,0,8,0.09945776255707763,0.0,0.0,28439.0,13809.864516129031,13694.0,0.0,28031.0,14100.636129032258,14053.0,0.0,28610.0,14154.808172043011,14315.0,65.0,28031.0,14406.006451612904,14509.0,0.0,90545.0,27400.405740884406,26249.0,0.0,28031.0,14051.258727695888,14034.0,0.0,90545.0,28781.53374709077,28098.0,0.0,28031.0,14415.77812257564,14577.0,0.0,90545.0,27370.788158400614,26075.0,0.0,28610.0,13863.361399461746,13723.0,0.0,90545.0,28739.59477124183,27810.0,0.0,28610.0,14244.480199923106,14427.0,0.0,1.9672770389944117e-06,1.1621836176942812e-09,0.0,1.1568073963399948e-07,1.2480628018239889e-09,0.0,9.175699075984771e-08,1.25014042999875e-09,0.0,0.0002083740596245262,1.738221450801926e-08,0.0,0.01758130834950822,1.5506695281026143e-06,0.0,0.01758130834950822,8.022624323270861e-07
file29.ply,96756,16767,16295,17,0.9816654092210383,0.8857347328244275,0.8822410407461954,0,41,0.02259268063292578,0.0,0,5,0.13036736641221375,0.0,0,4,0.13414334806087383,0.0,0.0,16767.0,8294.937429537767,8224.0,0.0,16295.0,7816.983652762119,7716.0,0.0,16767.0,8418.066516347239,8445.0,0.0,16295.0,7930.183201803833,7942.5,0.0,96756.0,32986.0621085595,30263.5,0.0,16295.0,7733.9295407098125,7540.5,0.0,96756.0,36304.751565762,35838.5,0.0,16295.0,8046.56732776618,8181.5,0.0,96756.0,33061.98071912454,30884.0,0.0,16767.0,8207.952058363731,8096.0,0.0,96756.0,36436.93746743095,35700.0,0.0,16767.0,8558.088066701406,8757.0,0.0,3.6177048111832915e-06,2.3626449938490225e-09,0.0,9.410190787552102e-08,2.6242510309646218e-09,0.0,7.40576939928788e-08,2.6277819298275758e-09,0.0,0.0007384338133964802,2.9202162300533253e-08,0.0,0.018177357400800943,3.320789451335796e-06,0.0,0.017214486216241363,2.9847412104170966e-06
file30.ply,98708,9826,9817,17,0.9790900525787922,0.8117431566093416,0.8122835608066816,0,33,0.022946235905540527,0.0,0,42,0.23048743258369797,0.0,0,44,0.2306987166429008,0.0,0.0,9826.0,4894.21996124031,4801.0,0.0,9817.0,4891.841085271318,4864.5,0.0,9826.0,4945.486434108527,4921.5,0.0,9817.0,4942.058139534884,4989.0,0.0,98708.0,43867.67945945946,43913.5,0.0,9817.0,4769.682702702703,4366.0,0.0,98708.0,48371.84648648649,49190.0,0.0,9817.0,5111.882702702703,5573.5,0.0,98708.0,43817.28431904504,44015.0,0.0,9821.0,4765.73955507325,4308.0,0.0,98708.0,48396.998372219205,49309.0,19.0,9826.0,5093.769940314704,5459.0,0.0,7.840132483034049e-06,6.55354764696702e-09,0.0,1.122563564749534e-06,7.316570155328944e-09,0.0,1.17195757033504e-06,7.316125875660427e-09,0.0,0.00012053718915645725,6.932577169884699e-09,0.0,0.01223412792112676,1.059485444249215e-05,0.0,0.015465462150471837,1.4294354897872465e-05
file31.ply,88079,43141,16730,17,0.971877838328792,0.9466645032682769,0.8656984041599426,0,10,0.029223433242506813,0.0,0,17,0.05966343702192759,0.0,0,5,0.15384615384615385,0.0,0.0,43141.0,24773.743641501816,23795.0,0.0,16730.0,8319.60476382721,8323.0,0.0,43141.0,25012.14493338716,23903.0,0.0,16730.0,8420.79208720226,8441.0,0.0,88079.0,36023.90438939592,29771.0,0.0,16730.0,8276.682312038245,8188.0,0.0,88079.0,37812.6827466319,31459.0,0.0,16730.0,8468.163407214255,8557.0,0.0,88079.0,35248.929238985314,29031.0,0.0,43141.0,24771.639519359145,23661.0,0.0,88079.0,38381.010235870046,34006.0,0.0,43141.0,25630.875834445927,24334.0,0.0,3.816496606323807e-07,1.2462142546220564e-09,0.0,3.2083508920882383e-07,1.2803142799831155e-09,0.0,4.0716484049839406e-08,1.3360628858458267e-09,0.0,0.0038524571209197027,8.528016804101608e-08,0.0,0.008004696463123682,8.858765933138824e-07,0.0,0.013462594875673807,2.374531781726255e-06
file32.ply,95756,19965,20237,17,0.9742995290161555,0.8857557848342181,0.8849688704417432,0,14,0.026964086176467516,0.0,0,19,0.1293198437343484,0.0,0,6,0.1275817768554205,0.0,0.0,19965.0,10524.214546932142,11101.0,0.0,20237.0,10113.419341731003,10085.0,0.0,19965.0,10656.023161316538,11409.0,0.0,20237.0,10237.287687931735,10392.0,0.0,95756.0,37083.78167470408,31439.0,0.0,20237.0,9969.76063130206,9603.0,0.0,95756.0,40210.694870670755,35261.0,0.0,20237.0,10367.957913195967,10826.0,0.0,95756.0,37124.143470790375,31640.5,0.0,19965.0,10285.15378006873,10429.0,0.0,95756.0,40128.849656357386,34861.0,0.0,19965.0,10702.225515463917,11520.0,0.0,9.08638461254873e-07,1.994815400554375e-09,0.0,2.749769375056827e-07,2.135847632279261e-09,0.0,9.317534912019434e-08,2.1398778019542394e-09,0.0,0.0010079431050256256,2.2820823330588525e-08,0.0,0.007827958031976098,2.4093611709666845e-06,0.0,0.009318516198198018,2.832940844991588e-06
file33.ply,97723,12300,12305,17,0.9765052597110229,0.8207462807901796,0.8187063221192914,0,48,0.02537759404035856,0.0,0,9,0.20160962523372083,0.0,0,7,0.20152771006013326,0.0,0.0,12300.0,6122.201219512195,6034.0,0.0,12305.0,6148.563153310104,6081.0,0.0,12300.0,6190.267857142857,6281.0,0.0,12305.0,6213.188588850174,6267.5,0.0,97346.0,42771.70249433107,41329.0,0.0,12305.0,5926.707029478458,5814.0,0.0,97723.0,45762.59002267574,45537.0,0.0,12305.0,6393.288435374149,6462.0,0.0,97723.0,42968.22366651726,41685.0,0.0,12300.0,5963.864186463469,5844.0,0.0,97723.0,45849.4482294935,45699.0,0.0,12300.0,6361.074406095921,6460.0,0.0,7.3030161010307855e-06,4.744440531687305e-09,0.0,2.1281242810493389e-07,5.258116830594539e-09,0.0,1.6769593492300698e-07,5.262911900529289e-09,0.0,0.01356255498838986,1.8085550393311287e-07,0.0,0.010114461587113927,3.183011020674573e-06,0.0,0.010114461587113927,3.3284999719151958e-06
file34.ply,96002,18526,18725,17,0.979469391581513,0.8893506773897555,0.8910071558261241,0,58,0.02375967417684864,0.0,0,16,0.12311761213364279,0.0,0,15,0.12180924917227384,0.0,0.0,18526.0,9232.860984271943,9255.0,0.0,18725.0,9354.025367833587,9282.0,0.0,18526.0,9407.083713850838,9539.0,0.0,18725.0,9531.301369863013,9582.0,0.0,96002.0,29116.825853658538,21400.0,0.0,18725.0,9302.259024390243,9302.0,0.0,96002.0,31117.509756097563,22902.0,0.0,18725.0,9644.058536585366,9906.0,0.0,96002.0,28997.306712395883,21400.0,0.0,18526.0,9143.775600195982,9150.0,0.0,96002.0,31346.473787359137,23024.0,13.0,18526.0,9498.109750122489,9677.0,0.0,4.004705801588994e-06,2.004167809153217e-09,0.0,2.508576423368477e-07,2.1877304831677534e-09,0.0,2.3836035552996076e-07,2.1863984904694675e-09,0.0,0.0003373425009759889,1.6904663479070784e-08,0.0,0.011098084389804766,2.6403728240580343e-06,0.0,0.011098084389804766,2.931339479092524e-06
file35.ply,75576,12314,64086,17,0.9696733133096048,0.867559886317499,0.9634403233104998,0,101,0.033727192135173396,0.0,0,346,0.20698335363377995,0.0,0,12,0.039774057141073856,0.0,0.0,12314.0,4868.5,4268.0,0.0,64086.0,31936.95855148342,32141.5,0.0,12314.0,4950.137434554974,4357.5,0.0,64086.0,32449.789267015705,32382.0,0.0,75576.0,33984.966278356835,36702.0,0.0,64086.0,31771.23237277744,31942.0,0.0,75576.0,36070.19497240956,37673.0,0.0,64086.0,32441.46045370938,32519.0,0.0,75557.0,35170.86043533931,39065.0,0.0,12314.0,4381.842082799829,3402.0,0.0,75576.0,36763.02304737516,39747.0,0.0,12314.0,4604.408023900982,3709.0,0.0,3.114898875080727e-06,1.3008368315837034e-09,0.0,1.7988609562789573e-06,1.3307433875645459e-09,0.0,3.5651368800639297e-07,1.326976473537497e-09,0.0,0.015629057304587704,4.6320059523073644e-07,0.0,0.025131140955201418,4.935282313710141e-06,0.0,0.025131140955201418,5.93237917537212e-07
file36.ply,96401,14113,21872,17,0.9770129250430489,0.8616976052146804,0.9028482604123805,0,2,0.02329827182008672,0.0,0,50,0.15913277596712483,0.0,0,4,0.1026836739359027,0.0,0.0,14113.0,7200.613718411552,7158.5,0.0,21872.0,10585.575812274368,10277.0,0.0,14113.0,7254.756317689531,7270.0,0.0,21872.0,10647.307310469314,10337.5,0.0,96401.0,41045.57223360656,38037.0,0.0,21872.0,10338.368340163934,9967.5,0.0,96401.0,44132.172643442624,44014.5,0.0,21872.0,10863.060963114754,10572.5,0.0,96401.0,41607.511529411764,40052.0,0.0,14113.0,7072.331294117647,6970.0,0.0,96401.0,43062.51623529412,42439.0,0.0,14113.0,7320.294117647059,7434.0,0.0,1.855714777590222e-07,2.2351997075854425e-09,0.0,6.348398407695095e-07,2.414689602738702e-09,0.0,8.756113338770489e-08,2.390259191097951e-09,0.0,0.0025115970407303696,3.313516835718302e-08,0.0,0.0017935854983699227,2.446158987434475e-07,0.0,0.00018817183925645665,3.433093976139511e-08
file37.ply,97330,15343,8764,17,0.9752083097882484,0.8640510948905109,0.7723901882487165,0,3,0.02538759490809711,0.0,0,21,0.16104014598540145,0.0,0,15,0.2819167142042213,0.0,0.0,15343.0,5154.883547451305,5607.0,0.0,8764.0,4316.140903439702,4334.0,0.0,15343.0,5241.630335681724,5730.0,0.0,8764.0,4380.256527144633,4371.0,0.0,97330.0,43459.1644295302,39287.5,0.0,8764.0,4173.549856184084,3907.5,0.0,97330.0,47487.48657718121,46059.0,21.0,8764.0,4488.906519654842,4654.5,0.0,97330.0,42831.75037593985,38514.0,0.0,15343.0,4914.753383458647,5258.0,0.0,97330.0,48149.5298245614,47647.0,5.0,15343.0,5506.6140350877195,6197.0,0.0,5.991663160998621e-07,5.3606212605991665e-09,0.0,6.577013184613228e-07,5.804936733101036e-09,0.0,2.8134716953125733e-07,5.943491478998978e-09,0.0,0.004784310056134489,6.342742847717198e-08,0.0,0.007821239083598053,3.7821286078592106e-06,0.0,0.00695920347509336,8.866631994779997e-06
file38.ply,94729,20632,20615,17,0.9761532777367254,0.9025347743905394,0.8987194412107101,0,3,0.02445898870473979,0.0,0,4,0.11229583676634518,0.0,0,4,0.1123884361660846,0.0,0.0,20632.0,10319.34440017707,10330.0,0.0,20615.0,12831.625498007968,13243.0,0.0,20632.0,10439.722000885347,10453.0,0.0,20615.0,12921.39309428951,13324.0,0.0,94729.0,33455.549477871704,30075.0,0.0,20615.0,12649.04375932372,13063.0,0.0,94729.0,37350.83242168075,34119.0,0.0,20615.0,13050.605171556439,13663.0,0.0,94729.0,34536.21408045977,31215.5,0.0,20632.0,10233.26724137931,10129.0,0.0,94729.0,36919.33955938697,33388.5,0.0,20632.0,10545.120689655172,10635.0,0.0,2.0115579499231993e-07,1.728242378990611e-09,0.0,6.20715297309752e-08,1.8416021589776718e-09,0.0,6.202282118933314e-08,1.8460224696822905e-09,0.0,0.01780951971622003,7.534503281465045e-07,0.0,0.0006933540946448311,1.8126337758565414e-07,0.0,0.01710759604905771,2.4458854350273418e-06
file39.ply,96826,18770,14184,17,0.9758228593264275,0.8816791859783709,0.8446951004582305,0,42,0.02536482592665269,0.0,0,4,0.1308401257258537,0.0,0,4,0.17314064152273528,0.0,0.0,18520.0,8960.975224263135,8671.0,0.0,14184.0,7368.923964117898,7570.0,0.0,18770.0,9068.668944895344,8873.0,0.0,14184.0,7464.638188808201,7669.0,0.0,96635.0,32299.51553354345,24681.0,0.0,14184.0,7235.260243133724,7352.0,0.0,96826.0,34752.63439891941,28608.0,0.0,14184.0,7583.712742008104,7842.0,0.0,96826.0,31900.475261007716,24394.0,0.0,18770.0,8775.136631865638,8273.0,0.0,96826.0,35139.28688152519,29141.0,0.0,18770.0,9205.755787562415,9274.0,0.0,3.791779262160979e-06,2.7874241625356186e-09,0.0,8.678002382437449e-08,3.0100613351303567e-09,0.0,6.646795353868617e-08,3.0471637268457274e-09,0.0,0.0003848732989509188,1.1080401154903016e-08,0.0,0.007930229837829799,3.284507648622921e-06,0.0,0.007930229837829799,4.004673151368686e-06
file40.ply,98550,8499,8531,17,0.9816846099988839,0.8215294117647058,0.8239568682606657,0,2,0.01846759545818916,0.0,0,5,0.21411764705882352,0.0,0,5,0.213314580403188,0.0,0.0,8499.0,4084.3817174515234,3976.0,0.0,8531.0,4244.541274238227,4246.0,0.0,8499.0,4100.121329639889,4029.0,0.0,8531.0,4268.122991689751,4302.0,0.0,98550.0,38305.030323005936,37958.0,0.0,8531.0,4125.948582729071,3870.0,0.0,98550.0,43520.74950560316,44025.0,0.0,8531.0,4395.617007251153,4690.0,0.0,98550.0,38192.074567243675,37613.0,0.0,8499.0,3969.085219707057,3604.0,0.0,98550.0,43910.345539280956,44087.5,4.0,8499.0,4239.262982689747,4495.0,0.0,7.323187556240043e-07,7.012533949683133e-09,0.0,1.710677191843929e-07,7.825717370026367e-09,0.0,1.7167938099331544e-07,7.819340535806094e-09,0.0,0.0035762333384093074,4.5700047734638336e-08,0.0,0.027171608268557107,1.801886084883868e-05,0.0,0.011731087469293933,1.568512776927739e-05
file41.ply,96113,17629,18044,17,0.9785671182137878,0.8947249007373794,0.8956497644776946,0,72,0.02272301641800362,0.0,0,42,0.12387975042541123,0.0,0,37,0.12103075644222776,0.0,0.0,17629.0,8791.67718446602,8793.0,0.0,18044.0,8977.626213592233,8985.0,0.0,17629.0,8884.756796116504,8914.0,202.0,18044.0,9058.471844660195,9084.0,0.0,96113.0,32827.00700431035,29926.5,0.0,17160.0,8867.725754310344,8634.0,0.0,96113.0,35855.046875,35188.0,0.0,18044.0,9193.760775862069,9544.5,0.0,96113.0,33048.22517259692,30145.0,0.0,17629.0,8642.577801380776,8327.0,0.0,96113.0,36047.175783324485,35205.0,0.0,17629.0,8989.105151354222,9223.0,0.0,5.3225588900134325e-06,2.101645238560437e-09,0.0,6.475928450215668e-07,2.263670418397527e-09,0.0,5.871876426725703e-07,2.2644457119184644e-09,0.0,0.0002502768250874583,4.956086971711865e-09,0.0,0.022658871367063262,6.284665627823529e-06,0.0,0.0222169647114004,3.6260925580273856e-06
file42.ply,95426,15440,24870,17,0.9786957569660578,0.8783109902208406,0.9212737726669615,0,64,0.024542320307669736,0.0,0,83,0.1516741143708309,0.0,0,80,0.09416589602348116,0.0,0.0,15440.0,7513.328578455485,7794.0,0.0,24870.0,12308.461387112642,12318.0,0.0,15440.0,7595.310378750615,7794.0,0.0,24870.0,12403.71470732907,12416.0,0.0,95426.0,40775.13837147419,36111.0,0.0,24851.0,12198.893560404471,12079.0,0.0,95426.0,44466.09952102182,42568.0,0.0,24870.0,12530.279403938264,12667.0,0.0,95426.0,41169.51838610828,36965.0,0.0,15440.0,6753.715015321757,6602.0,0.0,95426.0,44659.373850868236,43109.0,0.0,15440.0,7069.577119509704,7275.0,0.0,3.992880771671876e-06,1.8684409354668086e-09,0.0,9.16669493941718e-07,2.028616977390213e-09,0.0,1.3886696081169448e-06,1.9983977108097006e-09,0.0,0.004405545951026931,7.622783394176035e-08,0.0,0.004989528364476612,3.715977394301179e-06,0.0,0.015389730555789476,3.297528368566007e-06
file43.ply,96717,16200,15909,17,0.9763642755226535,0.8667366211962224,0.8671904462602137,0,24,0.026003432659897848,0.0,0,9,0.15523733102894882,0.0,0,11,0.15807668133249528,0.0,0.0,16200.0,7973.8197725284335,7986.5,0.0,15909.0,8051.344269466316,8041.0,0.0,16200.0,8112.093175853019,8222.0,0.0,15909.0,8201.755468066493,8284.5,0.0,96717.0,28249.704955998146,18887.0,0.0,15909.0,7914.8740157480315,7663.0,0.0,96717.0,31648.61834182492,24527.0,0.0,15909.0,8335.594256600278,8554.0,0.0,96717.0,28227.839564600094,19219.0,0.0,16200.0,7813.063416942736,7587.0,0.0,96717.0,31876.94131566493,25674.0,0.0,16200.0,8265.109323237104,8518.0,0.0,2.309066574970863e-06,2.9339812572605094e-09,0.0,1.6839746306476354e-07,3.1926859721834658e-09,0.0,2.0027343076405589e-07,3.189999273025487e-09,0.0,0.00035565735245698103,1.8418077197887227e-08,0.0,0.02605073875908456,5.714380260848165e-06,0.0,0.02605073875908456,5.276278452695425e-06
file44.ply,96834,16391,16401,17,0.9757319151133371,0.8753050268423621,0.8741616875990733,0,8,0.024774100273661382,0.0,0,60,0.14635187896534896,0.0,0,56,0.14626265089623217,0.0,0.0,16391.0,8141.594468085106,8029.5,0.0,16401.0,8130.509787234043,8117.0,0.0,16391.0,8216.731063829788,8249.5,0.0,16401.0,8201.106808510638,8225.0,0.0,96694.0,38706.0626223092,38102.5,0.0,16401.0,8012.1531311154595,7386.0,0.0,96834.0,41851.05626223092,40635.0,0.0,16401.0,8320.681017612524,8932.5,0.0,96694.0,38771.233527131786,38464.0,0.0,16391.0,7964.509205426357,7060.5,0.0,96834.0,41913.04990310078,40616.5,0.0,16391.0,8308.928294573643,9024.0,0.0,7.868727994535514e-07,2.708985308832127e-09,0.0,9.859912660075452e-07,2.9040589444557393e-09,0.0,9.243004606019485e-07,2.906779953354038e-09,0.0,0.00037229111841272983,1.4863519189475887e-08,0.0,0.024892248225435506,7.490392911441892e-06,0.0,0.024892248225435506,6.744216818341972e-06
file45.ply,90659,29691,29694,17,0.9733840723582616,0.9143540347568369,0.9144300387270584,0,125,0.030862563423781162,0.0,0,30,0.09423413714131752,0.0,0,54,0.0942246169388786,0.0,0.0,29691.0,14965.51388313303,14974.0,0.0,29694.0,14716.806879403233,14419.0,0.0,29691.0,15139.318276004973,15131.0,0.0,29694.0,14904.56195607128,14722.0,0.0,90659.0,40999.05465985057,36012.0,0.0,29694.0,14572.417223751474,13466.0,0.0,90659.0,42515.67361384192,37778.0,0.0,29694.0,15014.37318128195,15220.0,0.0,90659.0,40890.025186934276,36012.0,0.0,29691.0,14913.52774498229,14603.0,0.0,90659.0,42532.64344746163,37377.0,0.0,29691.0,15341.447855175127,16177.0,0.0,3.4298119558539134e-06,1.0607497321709638e-09,0.0,3.104796780842721e-07,1.135714804477166e-09,0.0,5.419058443617299e-07,1.1341611347273153e-09,0.0,2.7117193305080095e-05,1.4253666296046454e-09,0.0,0.016205567264294434,1.3247246099092194e-06,0.0,0.010388395878760691,9.933165704207294e-07
file46.ply,88247,31700,29928,17,0.9720446922309854,0.9197186208636952,0.9147315312907214,0,63,0.03111685250657239,0.0,0,5,0.0866218731270307,0.0,0,4,0.0917504761268335,0.0,0.0,31700.0,14869.11876773409,14124.0,0.0,29928.0,17659.744629104174,19191.0,0.0,31700.0,15072.61775435752,14259.0,50.0,29928.0,17845.1633563032,19390.0,0.0,88247.0,29458.56463654224,27918.0,0.0,29928.0,17719.411001964636,19240.0,0.0,88247.0,30955.234184675835,29024.0,50.0,29928.0,18158.69823182711,19748.0,0.0,88247.0,29582.135188087774,27992.5,0.0,31700.0,14731.094043887148,14012.5,0.0,88247.0,31040.440438871472,29151.0,0.0,31700.0,15181.761363636364,14337.0,0.0,1.6790792034349315e-06,1.009715228636639e-09,0.0,5.758669218494449e-08,1.0688858694005985e-09,0.0,4.40731545806407e-08,1.0717456690314684e-09,0.0,0.0003598618294887663,7.471399157164756e-09,0.0,0.019278045709365314,2.093813930991357e-06,0.0,0.01758130834950822,1.2386075098206895e-06
file47.ply,94407,22641,21957,17,0.976188458605203,0.9078703294761947,0.9053647873212497,0,35,0.02504025082620117,0.0,0,4,0.10440773783234697,0.0,0,4,0.10766007833135986,0.0,0.0,22641.0,11068.273576512456,10935.0,0.0,21957.0,11065.711743772243,11106.5,0.0,22641.0,11256.495996441281,11217.0,23.0,21957.0,11249.990213523131,11378.0,0.0,94407.0,24736.150047938638,15431.0,0.0,21937.0,10900.658676893576,10805.0,0.0,94407.0,28194.14573346117,17450.5,0.0,21957.0,11332.030201342282,11579.0,0.0,94407.0,25078.54138594803,15594.5,0.0,22641.0,10989.912415784409,10741.5,0.0,94407.0,28451.641000962463,17455.0,0.0,22641.0,11408.086621751685,11488.5,0.0,1.7742122031852906e-06,1.5197016682274858e-09,0.0,5.8642771368730853e-08,1.6190873696897803e-09,0.0,5.695402427346811e-08,1.6208580056533199e-09,0.0,0.0014834074358449285,3.168397143209473e-08,0.0,0.015427497412718174,4.145569354964074e-06,0.0,0.020636446066963226,5.270078013337376e-06
file48.ply,94806,17888,17405,17,0.9774911135253725,0.8913857677902621,0.8886590830748018,0,19,0.02351092218928982,0.0,0,40,0.12460171054838169,0.0,0,41,0.12805928990003448,0.0,0.0,17888.0,8837.707122774133,8836.5,0.0,17405.0,8587.264761012184,8562.5,302.0,17888.0,8927.474226804125,8971.0,364.0,17405.0,8673.314901593252,8707.0,0.0,94806.0,31459.485331960885,28350.0,0.0,16905.0,8458.40144107051,8246.0,0.0,94806.0,34253.28203808543,34073.0,0.0,17405.0,8787.36078229542,9077.0,0.0,94806.0,31584.72807017544,28121.0,0.0,17888.0,8684.151186790506,8340.5,0.0,94806.0,34269.367389060884,34284.0,0.0,17888.0,9027.351909184727,9259.0,0.0,1.5504349929949676e-06,2.2288030058055565e-09,0.0,6.481783425540295e-07,2.39219847646114e-09,0.0,6.465379903509067e-07,2.394614960059844e-09,0.0,0.0005317388738920874,1.2407769604330167e-08,0.0,0.02030771499038598,4.514367918786706e-06,0.0,0.02030771499038598,4.061840559635331e-06
file49.ply,96984,9893,9804,17,0.977460432025571,0.8090762078027087,0.8050994390617032,0,57,0.02387998144042893,0.0,0,53,0.2340812613705276,0.0,0,59,0.23620601733809282,0.0,0.0,9893.0,4965.957456541629,4919.0,0.0,9804.0,4917.97483989021,4972.0,0.0,9893.0,5017.0,5016.0,0.0,9804.0,4969.089204025618,5029.5,0.0,96984.0,48758.572260455265,46145.0,0.0,9804.0,4750.857067231339,4453.0,0.0,96984.0,53013.47591318158,53845.0,32.0,9804.0,5193.686077289572,5555.0,0.0,96984.0,49097.96441653585,46676.0,0.0,9893.0,4801.307169021455,4469.0,0.0,96984.0,52677.61538461538,53320.0,0.0,9893.0,5164.200941915227,5453.0,0.0,1.3009520994174025e-05,6.819691093204827e-09,0.0,1.423432738840475e-06,7.561047102391923e-09,0.0,1.5616105388221587e-06,7.566100895294572e-09,0.0,0.00013121161680935663,6.80989735632508e-09,0.0,0.0138269995729043,1.257931279162885e-05,0.0,0.019339132560171248,1.4399406890757997e-05
file50.ply,94890,19594,18634,17,0.9763201989651284,0.8957897422811942,0.8922457740810303,0,64,0.025250023711416256,0.0,0,9,0.12227609083949988,0.0,0,9,0.12857526160450763,0.0,0.0,19594.0,9786.066755674232,9813.0,0.0,18634.0,9345.925233644859,9330.0,0.0,19594.0,9838.734312416555,9916.0,0.0,18634.0,9404.72051624388,9430.0,0.0,94459.0,42255.19931439765,41301.0,0.0,18634.0,9158.187561214496,8786.0,0.0,94890.0,46660.08961802155,49002.5,0.0,18634.0,9565.265915768854,9904.0,0.0,94890.0,41754.43227091633,40480.5,0.0,19366.0,9585.42330677291,9253.5,0.0,94890.0,47067.328685258966,49814.5,0.0,19594.0,10040.044820717132,10529.5,0.0,4.186585942975958e-06,2.043300205681903e-09,0.0,1.4756163832386267e-07,2.2004690328736085e-09,0.0,1.4068306532371308e-07,2.203633674530345e-09,0.0,0.003623155844685647,4.4514484012165795e-08,0.0,0.020022910224991634,5.775422169613582e-06,0.0,0.020022910224991634,1.0868555121099623e-05
file51.ply,94037,23997,24098,17,0.9750739062932007,0.9121176764730394,0.9114071123283124,0,14,0.025872519619728196,0.0,0,76,0.1013834486207184,0.0,0,71,0.10095854599775925,0.0,0.0,23997.0,11922.69837883959,12082.0,0.0,24098.0,12048.908276450511,12077.0,0.0,23997.0,12019.201365187713,12082.0,0.0,24098.0,12164.203924914676,12098.0,0.0,94037.0,43488.49834044571,44358.0,0.0,24098.0,12318.176861071597,12098.0,0.0,94037.0,45239.032242769084,46648.0,0.0,24098.0,12690.851588430536,12535.0,0.0,94037.0,43482.21733021077,44358.0,0.0,23997.0,11437.51662763466,11746.0,0.0,94037.0,45354.496018735364,47213.0,0.0,23997.0,11744.460889929742,12063.0,0.0,6.47378754965948e-07,1.3615782357874564e-09,0.0,8.810713707546443e-07,1.4317594190082567e-09,0.0,8.294686200621284e-07,1.4324519960833455e-09,0.0,2.346996154964214e-05,1.5185658574276534e-09,0.0,0.014845939162967845,4.268775037072892e-06,0.0,0.014845939162967845,2.9338647180927824e-06
file52.ply,96507,17460,17465,17,0.9768309362954366,0.865528892961457,0.8659109126302531,0,187,0.026712811373150413,0.0,0,4,0.14764331939751446,0.0,0,4,0.14760105347532348,0.0,0.0,17460.0,8579.022808586762,8440.5,0.0,17465.0,8666.855545617174,8637.5,0.0,17460.0,8694.99373881932,8625.5,0.0,17465.0,8783.176654740608,8826.5,0.0,96507.0,44402.97103918228,43368.0,0.0,17465.0,8491.350085178876,8018.5,0.0,96507.0,47017.97785349233,48192.0,0.0,17465.0,8945.550255536627,9229.0,0.0,96060.0,43895.736122971815,42968.0,0.0,17460.0,8462.479504696841,8135.5,0.0,96507.0,46739.95559350982,47572.0,0.0,17460.0,8888.754483347566,9085.5,0.0,1.3538680632123929e-05,2.5177343292314084e-09,0.0,7.141234405908855e-08,2.7950061629857263e-09,0.0,7.143181257768055e-08,2.7943391154825374e-09,0.0,9.770217635465631e-05,2.7924817113916617e-09,0.0,0.01353383420531103,5.677247755203738e-06,0.0,0.009662280196439263,5.569918803687538e-06
file53.ply,96316,18949,15589,17,0.9754248990313237,0.8799472295514512,0.8548428479794741,0,95,0.026288194192094855,0.0,0,3,0.13361477572559366,0.0,0,5,0.16241180243745992,0.0,0.0,18749.0,9143.301225179552,9023.0,0.0,15589.0,7812.66793409379,7887.0,0.0,18949.0,9226.669201520912,9185.0,0.0,15589.0,7884.315166877905,7974.0,0.0,96316.0,30812.26989010989,24460.0,0.0,15589.0,7656.902857142857,7593.0,0.0,96316.0,33826.13274725275,28167.0,0.0,15589.0,8032.847032967033,8234.0,0.0,96316.0,31293.285903667696,24588.0,0.0,18949.0,8978.856385329209,8685.0,0.0,96316.0,34178.061864781266,28492.0,0.0,18949.0,9412.921785240831,9534.0,0.0,7.399550350824913e-06,2.602133779238491e-09,0.0,6.061920310342684e-08,2.822260670635808e-09,0.0,8.187065242703875e-08,2.8460311603710213e-09,0.0,0.0003390605128646986,7.101333933056603e-09,0.0,0.00627761351212076,1.6176930821640992e-06,0.0,0.00627761351212076,3.146525734786812e-06
file54.ply,94507,22311,22315,17,0.9745947433021543,0.8996952312656866,0.9002061301308478,0,36,0.02659034155838659,0.0,0,42,0.11262997490139835,0.0,0,40,0.11260978670012547,0.0,0.0,22311.0,11074.752186588921,10972.0,0.0,22315.0,11067.713036234902,10981.0,0.0,22311.0,11185.466472303207,11215.0,0.0,22315.0,11193.997084548106,11220.0,0.0,94296.0,33009.704200178734,23147.0,0.0,22315.0,10929.669794459338,10332.0,0.0,94507.0,35520.76675603217,24976.5,0.0,22315.0,11360.807864164433,11987.0,0.0,94507.0,33055.28154467894,22876.0,0.0,22311.0,10928.092950157163,10394.0,0.0,94507.0,35510.63179164796,24968.0,0.0,22311.0,11344.564436461607,11925.0,0.0,1.8194030946325787e-06,1.6112739474191264e-09,0.0,5.381695185498061e-07,1.7136744276566215e-09,0.0,5.139646204667905e-07,1.713502509191399e-09,0.0,0.00021582343263916066,1.0519547221594134e-08,0.0,0.015094533525413185,2.893124134974164e-06,0.0,0.00894878655217009,2.28536865389305e-06
file55.ply,97078,8110,22514,17,0.9782136198353918,0.779558624090741,0.9137908061292471,0,29,0.023547832177916953,0.0,0,37,0.28183947725311304,0.0,0,40,0.10153231179213858,0.0,0.0,8110.0,4127.471867612293,4196.0,0.0,22514.0,12045.930023640662,11992.0,0.0,8110.0,4171.159338061466,4262.0,0.0,22514.0,12128.282269503547,12006.0,0.0,97078.0,48735.24217002237,54049.0,0.0,22514.0,11855.170022371365,11719.5,0.0,97078.0,53818.527964205816,57935.0,510.0,22514.0,12463.572706935123,12226.0,0.0,96764.0,49112.90932509016,54381.0,0.0,8063.0,4021.359608449253,4057.0,0.0,97078.0,52521.14064914992,55728.0,0.0,8110.0,4304.296754250387,4369.0,0.0,3.8158116053522925e-06,3.6888876960096648e-09,0.0,4.614342344177829e-07,4.106109086171146e-09,0.0,1.304193513310057e-06,3.946194178552556e-09,0.0,0.0016302627332811905,3.479222625314895e-08,0.0,0.015176333131521568,1.0681774107924454e-05,0.0,0.014597479747238743,2.3583203991652213e-06
file56.ply,92310,14379,33220,17,0.9749325649164239,0.8698191933240612,0.9364859576773727,0,16,0.027710673700859053,0.0,0,67,0.17788595271210014,0.0,0,129,0.0769994882754884,0.0,0.0,14379.0,6896.746758859118,6880.0,0.0,32618.0,16436.87856525497,16588.0,0.0,14379.0,7067.015557476232,7384.5,194.0,33220.0,16883.727744165946,16609.5,0.0,92310.0,41907.86538461538,34433.0,0.0,33220.0,16219.625534188035,16588.0,0.0,92310.0,45144.14636752137,46051.0,0.0,33220.0,17026.668803418805,16811.0,0.0,92310.0,42979.35639810427,41153.5,0.0,14379.0,6802.788625592417,6760.0,19.0,92310.0,44673.287677725115,45320.0,0.0,14379.0,6993.335071090048,7213.0,0.0,8.79992968306211e-07,1.7392147791526137e-09,0.0,5.875023408772007e-07,1.8482576537223449e-09,0.0,2.4039888617103776e-06,1.7964647952946808e-09,0.0,0.0010341433873646767,1.9549965431776883e-08,0.0,0.0023846800534995747,3.19805394355123e-07,0.0,0.016364901010046874,9.88787467429729e-07
file57.ply,97152,13958,13572,17,0.9790021924181446,0.8729135324880005,0.8734251823473071,0,4,0.021306598869823886,0.0,0,6,0.14829142488716957,0.0,0,26,0.15250865689235985,0.0,0.0,13958.0,5279.679901960784,5206.0,0.0,13556.0,6792.610784313725,6838.5,0.0,13958.0,5321.856372549019,5308.0,0.0,13572.0,6835.923529411764,6852.0,0.0,97152.0,39660.35569334836,37460.5,0.0,13572.0,6695.59075535513,6605.5,0.0,97152.0,44116.64937993236,44273.0,0.0,13572.0,6980.966178128523,7153.0,0.0,97152.0,40394.94528521537,38412.0,0.0,9926.0,5032.3317811408615,4663.0,0.0,97152.0,45182.01338766007,45860.0,0.0,13958.0,5338.6961583236325,5586.5,0.0,5.687590408211774e-07,3.251083612628154e-09,0.0,1.3265378651783334e-07,3.5348348362247327e-09,0.0,5.19155667680503e-07,3.5277103350445676e-09,0.0,0.002769859645068758,3.563900843078026e-08,0.0,0.008939866459184338,9.096955151186141e-06,0.0,0.018905381607614687,9.274775230601736e-06
file58.ply,98707,8529,8559,17,0.9816833488673664,0.8184056271981243,0.8210280373831775,0,3,0.01859018519268955,0.0,0,5,0.21512309495896834,0.0,0,6,0.21436915887850466,0.0,0.0,8529.0,4073.763827433628,4028.0,0.0,8559.0,4250.908738938053,4237.0,0.0,8529.0,4107.484513274337,4076.5,0.0,8559.0,4286.990597345132,4346.0,0.0,98707.0,38987.74306003874,39279.0,0.0,8559.0,4155.8373143963845,3960.0,0.0,98707.0,44098.89089735313,44196.0,0.0,8559.0,4416.657843770175,4701.0,0.0,98707.0,38625.58942558747,38394.5,0.0,8529.0,3948.725195822454,3546.0,0.0,98707.0,44168.4954308094,44394.5,0.0,8529.0,4216.793080939948,4459.0,0.0,1.0674032942555852e-06,7.0103450069988475e-09,0.0,1.7027851125876487e-07,7.831451788610816e-09,0.0,2.031423621590555e-07,7.825072848807955e-09,0.0,0.0003179261621378078,1.3408770438368125e-08,0.0,0.014213046403577458,1.8027952866145493e-05,0.0,0.010908896889182704,1.3532281743844079e-05
file59.ply,85364,35476,35476,17,0.9743220289345751,0.9276150745553458,0.9278123854891902,0,235,0.0315468868974404,0.0,0,3,0.07590833497759111,0.0,0,4,0.07590833497759111,0.0,0.0,35476.0,17692.054744525547,17511.0,0.0,35476.0,17549.13686131387,17410.5,0.0,35476.0,18010.839872262775,18102.0,0.0,35476.0,17873.32436131387,18106.5,0.0,85215.0,39537.18613707165,42855.5,0.0,35476.0,17394.522585669783,17053.5,0.0,85364.0,40692.091510903425,45301.0,0.0,35476.0,17903.01012461059,18078.0,0.0,85364.0,39666.70167903163,43259.0,0.0,35476.0,17587.288168684106,17301.0,0.0,85364.0,40779.45607184694,45345.0,0.0,35476.0,18134.900819992192,18345.0,0.0,4.442900244517113e-06,7.635744493808338e-10,0.0,3.1058689400132366e-08,8.232147155358246e-10,0.0,4.0863409296101504e-08,8.230798498410777e-10,0.0,0.0013027316901459967,1.8529939846218232e-08,0.0,0.017226450852440192,1.6836020609759002e-06,0.0,0.017226450852440192,1.38737436458693e-06
file60.ply,94173,21332,21235,17,0.9733047337906429,0.8966858857169643,0.8956488980975702,0,15,0.027417333871344533,0.0,0,32,0.12103314114283036,0.0,0,33,0.12158598606140517,0.0,0.0,21332.0,10543.431980906922,10575.0,0.0,21235.0,10487.787191726333,10372.0,48.0,21332.0,10630.765314240254,10771.5,0.0,21235.0,10586.184168655529,10595.0,0.0,94173.0,31819.750907441015,33067.0,0.0,21235.0,10332.241379310344,9930.5,0.0,94173.0,35317.17876588022,36921.0,0.0,21235.0,10715.318965517241,11086.5,0.0,92590.0,31935.783393501806,33618.0,0.0,21200.0,10396.43772563177,10075.5,0.0,94173.0,35263.60288808664,36948.0,0.0,21332.0,10749.648465703971,11123.0,0.0,8.705042071593294e-07,1.8236501265363524e-09,0.0,4.3746582299077364e-07,1.9339208456084408e-09,0.0,4.484641172606043e-07,1.935034928978892e-09,0.0,0.002453562756870078,4.9085859399968585e-08,0.0,0.021272764614386812,5.091233636432953e-06,0.0,0.021272764614386812,6.231724998610388e-06
file61.ply,94879,18847,19009,17,0.9795320404721753,0.9060377758913413,0.9068911099421357,0,21,0.02142706576728499,0.0,0,4,0.10786290322580645,0.0,0,5,0.10694371383482378,0.0,0.0,18847.0,9497.86508753862,9512.0,0.0,19009.0,9500.288877445932,9495.5,0.0,18847.0,9602.174047373841,9680.5,201.0,19009.0,9597.77754891864,9641.5,0.0,94879.0,38660.6075663467,45673.0,0.0,19009.0,9417.032749858838,9141.0,0.0,94879.0,42957.517786561264,47728.0,0.0,19009.0,9642.991530208921,10030.0,0.0,94879.0,39058.30338983051,45800.5,0.0,18847.0,9427.237288135593,9159.0,0.0,94879.0,42851.394350282484,47521.5,0.0,18847.0,9667.41581920904,10087.0,0.0,1.4926198773776826e-06,1.7767187369711709e-09,0.0,6.695460346235678e-08,1.908547193169501e-09,0.0,8.347798623823476e-08,1.907825140785892e-09,0.0,7.030352286713912e-05,4.678178680847357e-09,0.0,0.011725803111874251,4.66485938649054e-06,0.0,0.023461855377690657,6.844865956444428e-06
file62.ply,95653,18826,18492,17,0.9786940431137223,0.9028522866096563,0.9025577245444222,0,10,0.02190185460095762,0.0,0,5,0.11127635842141605,0.0,0,4,0.11328610825717839,0.0,0.0,18826.0,9344.895976447497,9167.5,0.0,18492.0,9455.612855740923,9480.0,0.0,18826.0,9450.467124631992,9340.0,0.0,18492.0,9529.798331697742,9526.0,0.0,95653.0,37980.9737561509,44622.0,0.0,18492.0,9388.54620010935,9163.0,175.0,95653.0,42221.34226353199,46646.0,0.0,18492.0,9639.133406232913,9835.0,0.0,95653.0,37983.64428412874,44456.0,0.0,18826.0,9229.999445061043,8701.5,0.0,95653.0,42428.746392896785,46820.0,0.0,18826.0,9515.381243063262,9809.0,0.0,7.610118130874217e-07,1.871801007279232e-09,0.0,8.434761706205765e-08,2.0062169491354676e-09,0.0,6.705340525286101e-08,2.0061538000806668e-09,0.0,0.0007653766277700616,2.0256141143627524e-08,0.0,0.0035397743564115946,1.9548696987282883e-06,0.0,0.010311404858572144,2.6116461603371562e-06
file63.ply,96940,15345,15352,17,0.979647414406701,0.8621790694643555,0.8621767732690679,0,77,0.024107446797536645,0.0,0,5,0.15228724097484686,0.0,0,4,0.15221780759460693,0.0,0.0,15345.0,7645.6958945767865,7690.0,0.0,15352.0,7643.328940699443,7656.0,0.0,15345.0,7737.396857577293,7835.0,0.0,15352.0,7753.667004561581,7850.0,0.0,96940.0,39453.21040189125,38434.0,0.0,15352.0,7518.172576832151,7407.0,0.0,96940.0,42071.368321513,39799.0,7.0,15352.0,7883.1271867612295,8048.0,0.0,96940.0,39482.85964083176,38018.5,0.0,15345.0,7498.383270321361,7422.5,0.0,96940.0,42075.27551984877,39799.0,0.0,15345.0,7886.1843100189035,8063.5,0.0,7.512735683361321e-06,2.9087228644577547e-09,0.0,9.94124838659956e-08,3.2451844194923067e-09,0.0,8.043009315235251e-08,3.245461868811248e-09,0.0,0.00021747280574218068,6.7403044614675925e-09,0.0,0.011387865954859624,5.1345690368779885e-06,0.0,0.017334935614421804,6.941095526926218e-06
file64.ply,94855,19970,20000,17,0.9769967108037446,0.8925942616794352,0.8947552622368882,0,97,0.024637345028253353,0.0,0,27,0.11701967853387411,0.0,0,32,0.1168441577921104,0.0,0.0,19970.0,10058.48900091659,10065.5,0.0,20000.0,9970.769019248395,10019.0,0.0,19970.0,10147.865719523374,10206.5,0.0,20000.0,10071.084784601284,10178.0,0.0,94855.0,37339.42610722611,33007.0,0.0,20000.0,9844.301165501165,9633.0,0.0,94855.0,39592.453613053614,37067.0,0.0,20000.0,10174.536130536131,10514.0,0.0,94855.0,37317.084560570074,32527.0,0.0,19970.0,9896.675534441805,9656.0,27.0,94855.0,39914.17624703088,37806.0,0.0,19970.0,10290.830403800475,10611.0,0.0,5.686386334319777e-06,1.8299751520432348e-09,0.0,3.914918602452763e-07,1.9776204676698155e-09,0.0,4.605102868823404e-07,1.9747521256626365e-09,0.0,0.0004427658371839585,2.515563296145596e-08,0.0,0.025596039426134098,3.4155036765890953e-06,0.0,0.025596039426134098,3.667799859519442e-06
file65.ply,98700,10533,10527,17,0.9789262520136575,0.7978925384469338,0.7961626139817629,0,55,0.02471099583590845,0.0,0,4,0.23153597873552306,0.0,0,4,0.23166793313069908,0.0,0.0,10533.0,5245.167788461538,5236.0,0.0,10527.0,5208.939903846154,5183.5,0.0,10533.0,5323.661538461539,5318.5,0.0,10527.0,5298.829807692307,5295.5,0.0,98700.0,40343.189760450914,37026.0,0.0,10527.0,5042.1686237670265,4961.0,0.0,98700.0,44160.40582433067,43325.0,0.0,10527.0,5438.366838891498,5490.0,0.0,98700.0,40492.34296365331,37307.5,0.0,10523.0,5052.164492078286,4899.0,0.0,98700.0,43983.55265610438,43325.0,0.0,10533.0,5460.876980428705,5587.5,0.0,1.1101990764014227e-05,6.10016277988122e-09,0.0,1.131545890280578e-07,6.9367942719185484e-09,0.0,1.1309330021360067e-07,6.939807664745351e-09,0.0,0.0009007181146366945,1.584652011969045e-08,0.0,0.00916867975026125,1.1599862226022336e-05,0.0,0.013118025443262812,1.0804338645437523e-05
